timestamp,status,body
1785415469.633432,200,blue
1785415469.674634,200,blue
1785415469.703697,200,blue
1785415469.735407,200,blue
1785415469.766929,200,blue
1785415469.798503,200,blue
1785415469.830423,200,blue
1785415469.862784,200,blue
1785415469.894885,200,blue
1785415469.927319,200,blue
1785415469.956434,200,blue
1785415469.987085,200,blue
1785415470.017674,200,blue
1785415470.053464,200,blue
1785415470.090611,200,blue
1785415470.130171,200,blue
1785415470.158189,200,blue
1785415470.188522,200,blue
1785415470.220878,200,green
1785415470.250218,200,blue
1785415470.281997,200,green
1785415470.309226,200,green
1785415470.340941,200,green
1785415470.371536,200,green
1785415470.403423,200,green
1785415470.436413,200,green
1785415470.468378,200,green
1785415470.496517,200,green
1785415470.531361,200,green
1785415470.560784,200,green
1785415470.593999,200,green
1785415470.626728,200,green
1785415470.660258,200,green
1785415470.689432,200,green
1785415470.722390,200,green
1785415470.755586,200,green
1785415470.788958,200,green
1785415470.818271,200,green
1785415470.852661,200,green
1785415470.881663,200,green
1785415470.914911,200,green
1785415470.949694,200,green
1785415470.983102,200,green
1785415471.016176,200,green
1785415471.049179,200,green
1785415471.083009,200,green
1785415471.116987,200,green
1785415471.151105,200,green
1785415471.185176,200,green
1785415471.218090,200,green
1785415471.252432,200,green
1785415471.286280,200,green
1785415471.320815,200,green
1785415471.353685,200,green
1785415471.383326,200,green
1785415471.413822,200,green
1785415471.443796,200,green
1785415471.472868,200,green
1785415471.508686,200,green
1785415471.549025,200,green
1785415471.583324,200,green
1785415471.617047,200,green
1785415471.650996,200,green
1785415471.685224,200,green
1785415471.714591,200,green
1785415471.743999,200,green
1785415471.774222,200,green
1785415471.805591,200,green
1785415471.836155,200,green
1785415471.868382,200,green
1785415471.896978,200,green
1785415471.928346,200,green
1785415471.956476,200,green
1785415471.988134,200,green
1785415472.019832,200,green
1785415472.051822,200,green
1785415472.081023,200,green
1785415472.111191,200,green
1785415472.138617,200,green
1785415472.171228,200,green
1785415472.203031,200,green
1785415472.231594,200,green
1785415472.260048,200,green
1785415472.291668,200,green
1785415472.321844,200,green
1785415472.353549,200,green
1785415472.380752,200,green
1785415472.412870,200,green
1785415472.440722,200,green
1785415472.471849,200,green
1785415472.504201,200,green
1785415472.537266,200,green
1785415472.570606,200,green
1785415472.598958,200,green
1785415472.632352,200,green
1785415472.666027,200,green
1785415472.698144,200,green
1785415472.732841,200,green
1785415472.762558,200,green
1785415472.794529,200,green
1785415472.828055,200,green
1785415472.861133,200,green
1785415472.895149,200,green
1785415472.929275,200,green
1785415472.964136,200,green
1785415472.993818,200,green
1785415473.025159,200,green
1785415473.057493,200,green
1785415473.086941,200,green
1785415473.120237,200,green
1785415473.150253,200,green
1785415473.182213,200,green
1785415473.211553,200,green
1785415473.241126,200,green
1785415473.274652,200,green
1785415473.305606,200,green
1785415473.337191,200,green
1785415473.372047,200,green
1785415473.400724,200,green
1785415473.429936,200,green
1785415473.458533,200,green
1785415473.491883,200,green
1785415473.522645,200,green
1785415473.555936,200,green
1785415473.590245,200,green
1785415473.623415,200,green
1785415473.656081,200,green
1785415473.689783,200,green
1785415473.724401,200,green
1785415473.758073,200,green
1785415473.790931,200,green
1785415473.826717,200,green
1785415473.860227,200,green
1785415473.891692,200,green
1785415473.924431,200,green
1785415473.955466,200,green
1785415473.985688,200,green
1785415474.013541,200,green
1785415474.042498,200,green
1785415474.071219,200,green
1785415474.099480,200,green
1785415474.134512,200,green
1785415474.171843,200,green
1785415474.202844,200,green
1785415474.235679,200,green
1785415474.267037,200,green
1785415474.296996,200,green
1785415474.328854,200,green
1785415474.356003,200,green
1785415474.383375,200,green
1785415474.411133,200,green
1785415474.444326,200,green
1785415474.476714,200,green
1785415474.507417,200,green
1785415474.536477,200,green
1785415474.568371,200,green
1785415474.598623,200,green
1785415474.628761,200,green
1785415474.660972,200,green
1785415474.693323,200,green
1785415474.725345,200,green
1785415474.757291,200,green
1785415474.788504,200,green
1785415474.820040,200,green
1785415474.851702,200,green
1785415474.879654,200,green
1785415474.909822,200,green
1785415474.941190,200,green
1785415474.972845,200,green
1785415475.004229,200,green
1785415475.035497,200,green
1785415475.063835,200,green
1785415475.097327,200,green
1785415475.128832,200,green
1785415475.156409,200,green
1785415475.184157,200,green
1785415475.217023,200,green
1785415475.248592,200,green
1785415475.282264,200,green
1785415475.314808,200,green
1785415475.348294,200,green
1785415475.378292,200,green
1785415475.410825,200,green
1785415475.443370,200,green
1785415475.471157,200,green
1785415475.499425,200,green
1785415475.532065,200,green
1785415475.563878,200,green
1785415475.594797,200,green
1785415475.626190,200,green
1785415475.655179,200,green
1785415475.685678,200,green
1785415475.718457,200,green
1785415475.751324,200,green
1785415475.784296,200,green
1785415475.815325,200,green
1785415475.848602,200,green
1785415475.881101,200,green
1785415475.912636,200,green
1785415475.942324,200,green
1785415475.974153,200,green
1785415476.006084,200,green
1785415476.036876,200,green
1785415476.064201,200,green
1785415476.095641,200,green
1785415476.128005,200,green
1785415476.160389,200,green
1785415476.193700,200,green
1785415476.226143,200,green
1785415476.258139,200,green
1785415476.290133,200,green
1785415476.323967,200,green
1785415476.352745,200,green
1785415476.385513,200,green
1785415476.419283,200,green
1785415476.447047,200,green
1785415476.476622,200,green
1785415476.504658,200,green
1785415476.536389,200,green
1785415476.565116,200,green
1785415476.596635,200,green
1785415476.628889,200,green
1785415476.660956,200,green
1785415476.688473,200,green
1785415476.721154,200,green
1785415476.751767,200,green
1785415476.781217,200,green
1785415476.812144,200,green
1785415476.840822,200,green
1785415476.873357,200,green
1785415476.906596,200,green
1785415476.938211,200,green
1785415476.971049,200,green
1785415476.999493,200,green
1785415477.028571,200,green
1785415477.058491,200,green
1785415477.088493,200,green
1785415477.119837,200,green
1785415477.149092,200,green
1785415477.180611,200,green
1785415477.210028,200,green
1785415477.241141,200,green
1785415477.271821,200,green
1785415477.302949,200,green
1785415477.334297,200,green
1785415477.362109,200,green
1785415477.394770,200,green
1785415477.427423,200,green
1785415477.456325,200,green
1785415477.489030,200,green
1785415477.518815,200,green
1785415477.547512,200,green
1785415477.580028,200,green
1785415477.608560,200,green
1785415477.640746,200,green
1785415477.671430,200,green
1785415477.704032,200,green
1785415477.736459,200,green
1785415477.765107,200,green
1785415477.797831,200,green
1785415477.827990,200,green
1785415477.857787,200,green
1785415477.890975,200,green
1785415477.921852,200,green
1785415477.952260,200,green
1785415477.980069,200,green
1785415478.011884,200,green
1785415478.044284,200,green
1785415478.076690,200,green
1785415478.107941,200,green
1785415478.136277,200,green
1785415478.168930,200,green
1785415478.202570,200,green
1785415478.235676,200,green
1785415478.269671,200,green
1785415478.297586,200,green
1785415478.324992,200,green
1785415478.357622,200,green
1785415478.390105,200,green
1785415478.423150,200,green
1785415478.452466,200,green
1785415478.485420,200,green
1785415478.519256,200,green
1785415478.548071,200,green
1785415478.578770,200,green
1785415478.611456,200,green
1785415478.639902,200,green
1785415478.669635,200,green
1785415478.699457,200,green
1785415478.731886,200,green
1785415478.765115,200,green
1785415478.796765,200,green
1785415478.827882,200,green
1785415478.855670,200,green
1785415478.887169,200,green
1785415478.919449,200,green
1785415478.952089,200,green
1785415478.984554,200,green
1785415479.016855,200,green
1785415479.048009,200,green
1785415479.080335,200,green
1785415479.112709,200,green
1785415479.145215,200,green
1785415479.178109,200,green
1785415479.210805,200,green
1785415479.244293,200,green
1785415479.273581,200,green
1785415479.304858,200,green
1785415479.336474,200,green
1785415479.365162,200,green
1785415479.395956,200,green
1785415479.430308,200,green
1785415479.463805,200,green
1785415479.495261,200,green
1785415479.531546,200,green
1785415479.564542,200,green
1785415479.598395,200,green
1785415479.633007,200,green
1785415479.668453,200,green
1785415479.700045,200,green
1785415479.734317,200,green
1785415479.766992,200,green
1785415479.801197,200,green
1785415479.833107,200,green
1785415479.868358,200,green
1785415479.903460,200,green
1785415479.936768,200,green
1785415479.970452,200,green
1785415480.005304,200,green
1785415480.037814,200,green
1785415480.071100,200,green
1785415480.104202,200,green
1785415480.136284,200,green
1785415480.168178,200,green
1785415480.200248,200,green
1785415480.233720,200,green
1785415480.266352,200,green
1785415480.300370,200,green
1785415480.333519,200,green
1785415480.366698,200,green
1785415480.401393,200,green
1785415480.431705,200,green
1785415480.465854,200,green
1785415480.500969,200,green
1785415480.534172,200,green
1785415480.567554,200,green
1785415480.600995,200,green
1785415480.631191,200,green
1785415480.660934,200,green
1785415480.691743,200,green
1785415480.722188,200,green
1785415480.756915,200,green
1785415480.787314,200,green
1785415480.820995,200,green
1785415480.854294,200,green
1785415480.888506,200,green
1785415480.922867,200,green
1785415480.956233,200,green
1785415480.988232,200,green
1785415481.020606,200,green
1785415481.050409,200,green
1785415481.080188,200,green
1785415481.113847,200,green
1785415481.145767,200,green
1785415481.179790,200,green
1785415481.212222,200,green
1785415481.244131,200,green
1785415481.278089,200,green
1785415481.310410,200,green
1785415481.356087,200,green
1785415481.389421,200,green
1785415481.422520,200,green
1785415481.451838,200,green
1785415481.481277,200,green
1785415481.515392,200,green
1785415481.548417,200,green
1785415481.577696,200,green
1785415481.611785,200,green
1785415481.644242,200,green
1785415481.670973,200,green
1785415481.702637,200,green
1785415481.731135,200,green
1785415481.763650,200,green
1785415481.792190,200,green
1785415481.821787,200,green
1785415481.855291,200,green
1785415481.885570,200,green
1785415481.918296,200,green
1785415481.948925,200,green
1785415481.977804,200,green
1785415482.007890,200,green
1785415482.036252,200,green
1785415482.063971,200,green
1785415482.098990,200,green
1785415482.126754,200,green
1785415482.154131,200,green
1785415482.184408,200,green
1785415482.211831,200,green
1785415482.243521,200,green
1785415482.273797,200,green
1785415482.305938,200,green
1785415482.336916,200,green
1785415482.368628,200,green
1785415482.396676,200,green
1785415482.428449,200,green
1785415482.460503,200,green
1785415482.488006,200,green
1785415482.519779,200,green
1785415482.552700,200,green
1785415482.586351,200,green
1785415482.619271,200,green
1785415482.652819,200,green
1785415482.683850,200,green
1785415482.717950,200,green
1785415482.752748,200,green
1785415482.787471,200,green
